<?xml version="1.0" encoding="UTF-8"?>
<project-private xmlns="http://www.netbeans.org/ns/project-private/1">
    <editor-bookmarks xmlns="http://www.netbeans.org/ns/editor-bookmarks/2" lastBookmarkId="0"/>
    <open-files xmlns="http://www.netbeans.org/ns/projectui-open-files/2">
        <group>
            <file>file:/E:/Download/Projeto%20POO/Aula%207/Aula07Poo/Projeto03/web/contatos/lista.jsp</file>
            <file>file:/E:/Download/Projeto%20POO/Aula%207/Aula07Poo/Projeto03/web/contatos/adicionar.jsp</file>
            <file>file:/E:/Download/Projeto%20POO/Aula%207/Aula07Poo/Projeto03/web/contatos/excluir.jsp</file>
            <file>file:/E:/Download/Projeto%20POO/Aula%207/Aula07Poo/Projeto03/web/contatos/alterar.jsp</file>
        </group>
    </open-files>
</project-private>
